field,query,time
people,25,1.2277867794036865
people,35,0.9884576797485352
planets,32,0.9682927131652832
people,79,1.0002949237823486
people,38,1.0316364765167236
people,75,1.0324082374572754
planets,44,1.0032203197479248
planets,42,1.0023717880249023
planets,48,1.5572657585144043
people,34,0.9806485176086426
planets,46,0.9835577011108398
people,82,1.0761034488677979
planets,39,1.0921509265899658
people,24,0.9776482582092285
people,73,1.006690263748169
planets,55,1.0192553997039795
planets,28,0.9694979190826416
people,66,0.9502122402191162
people,25,0.9720993041992188
people,11,1.0097508430480957
people,47,0.9938209056854248
planets,31,1.0761957168579102
planets,56,1.0450284481048584
people,7,0.975393533706665
people,39,1.0309562683105469
people,9,0.9882411956787109
planets,10,1.0222663879394531
planets,15,1.0223510265350342
people,57,0.9828300476074219
planets,17,0.9900031089782715
people,72,1.0776922702789307
people,15,0.9590990543365479
planets,22,0.9685430526733398
planets,9,1.0670814514160156
planets,35,1.0320160388946533
people,64,0.9706177711486816
people,35,1.0267243385314941
planets,2,0.9913628101348877
people,65,1.0159943103790283
people,41,0.9649920463562012
planets,22,1.0572917461395264
people,77,0.9648103713989258
planets,48,1.056384801864624
people,54,1.0108516216278076
people,59,1.0118765830993652
planets,9,0.9915039539337158
species,3,0.9968616962432861
people,77,1.584038257598877
planets,48,0.9990420341491699
planets,12,1.0099287033081055
people,40,1.036278247833252
planets,53,0.9829127788543701
planets,55,0.9986581802368164
planets,16,1.0003039836883545
planets,8,0.9631576538085938
people,33,1.0196974277496338
people,83,0.9821038246154785
planets,25,0.9706408977508545
planets,2,0.9887006282806396
people,64,1.0542213916778564
people,9,1.2646965980529785
people,32,0.9865350723266602
people,40,1.1962306499481201
planets,30,0.9615352153778076
species,4,1.0146033763885498
people,43,1.0243737697601318
people,4,1.0648984909057617
people,23,1.1145708560943604
planets,55,0.9885363578796387
planets,58,0.9998960494995117
people,74,1.0677075386047363
people,30,1.0261034965515137
people,16,1.0096287727355957
people,12,0.9872055053710938
planets,52,1.0542089939117432
planets,48,1.174675464630127
species,1,0.9702939987182617
people,20,0.9838387966156006
people,19,1.0084128379821777
planets,3,1.0066041946411133
people,60,0.9722278118133545
people,13,0.9820530414581299
people,35,0.969449520111084
planets,37,0.9624383449554443
people,18,1.0376677513122559
planets,8,0.9852046966552734
people,83,0.9760746955871582
people,79,1.0247786045074463
people,18,1.0177280902862549
planets,28,1.0149734020233154
people,2,0.9779987335205078
people,16,0.9830470085144043
people,67,0.9708316326141357
planets,34,0.9557998180389404
people,20,1.0052404403686523
planets,44,0.9543678760528564
people,59,0.963414192199707
planets,60,1.002047061920166
planets,57,0.9820170402526855
people,78,1.0133230686187744
people,60,0.9727087020874023
people,79,0.9863014221191406
planets,58,1.048125982284546
planets,36,0.9954705238342285
people,65,1.0093586444854736
planets,30,0.9667541980743408
people,44,1.0312964916229248
planets,35,0.9675755500793457
people,39,1.0199389457702637
planets,24,0.9744882583618164
people,10,0.9763431549072266
species,2,1.0082428455352783
planets,43,1.0291433334350586
people,79,0.9648218154907227
people,7,1.0014240741729736
planets,37,1.0158615112304688
planets,58,0.9737932682037354
people,78,1.080794095993042
people,34,0.9901838302612305
planets,24,0.9641056060791016
planets,40,0.9735658168792725
people,62,1.0184094905853271
people,12,0.9555411338806152
people,16,1.0124163627624512
people,77,0.9677178859710693
people,61,0.9975695610046387
planets,11,1.0021319389343262
people,37,1.0092909336090088
planets,52,1.0070312023162842
planets,29,1.0027375221252441
people,40,0.9769914150238037
planets,8,0.9941234588623047
planets,45,0.9783785343170166
planets,18,1.0109412670135498
people,35,0.9994559288024902
planets,11,0.9937539100646973
people,6,1.0792720317840576
people,41,0.9952104091644287
people,13,0.9879207611083984
people,25,1.009690523147583
people,5,1.0167486667633057
people,47,0.9868261814117432
planets,48,0.971585750579834
planets,1,1.0984206199645996
people,37,1.0261147022247314
planets,5,1.0090935230255127
planets,6,0.9636602401733398
planets,30,1.0254414081573486
people,31,0.9905915260314941
planets,36,0.982677698135376
planets,2,1.0025708675384521
planets,57,1.1376264095306396
people,42,1.0922434329986572
people,77,1.1490321159362793
species,3,1.1107501983642578
people,75,0.9926185607910156
people,3,1.0114927291870117
planets,7,1.0702660083770752
people,45,0.9844355583190918
people,3,1.032731056213379
species,2,1.0167934894561768
people,74,0.9974186420440674
people,35,0.9865853786468506
people,14,1.0674738883972168
planets,16,0.999976634979248
planets,31,0.9999589920043945
people,57,0.9932401180267334
planets,7,0.9976985454559326
people,3,0.9908843040466309
people,66,1.0959033966064453
people,13,0.9662401676177979
people,11,1.0114097595214844
planets,13,1.0082895755767822
people,11,1.2679460048675537
people,68,0.9648222923278809
people,47,1.0297510623931885
people,40,1.0346341133117676
people,61,1.111792802810669
people,56,1.0743181705474854
planets,46,1.06833815574646
people,18,0.9951279163360596
people,9,1.0958833694458008
people,3,1.0233855247497559
people,60,1.0155198574066162
planets,26,0.9728355407714844
people,44,1.0651013851165771
people,13,0.9964561462402344
people,83,0.9769432544708252
planets,11,0.9682667255401611
planets,34,0.9741225242614746
planets,19,1.0261495113372803
people,58,0.9963052272796631
people,35,0.9955832958221436
people,60,1.0334510803222656
planets,42,0.9905145168304443
planets,24,0.9615292549133301
people,7,1.0352725982666016
people,68,0.9785370826721191
planets,27,0.9965739250183105
people,4,1.0465595722198486
people,32,0.9720883369445801
people,75,1.0207908153533936
planets,60,0.9867098331451416
people,43,0.981600284576416
planets,9,1.0072228908538818
people,75,0.9860799312591553
people,73,1.042647361755371
people,20,0.9991490840911865
planets,38,1.0003490447998047
people,52,1.067634105682373
planets,8,0.999993085861206
planets,54,0.9931015968322754
people,67,1.0173864364624023
planets,46,0.9809458255767822
people,14,1.038616418838501
people,5,1.0188603401184082
people,38,1.0276594161987305
people,25,1.2666330337524414
people,68,0.975712776184082
people,4,0.9734334945678711
people,38,0.9791300296783447
people,37,0.9993219375610352
planets,42,1.013895034790039
people,21,0.9732236862182617
planets,58,1.0006146430969238
people,3,1.0309319496154785
planets,41,0.9632716178894043
people,13,0.9788436889648438
planets,53,0.9698913097381592
people,1,1.0007331371307373
people,44,0.9693033695220947
people,83,0.9771008491516113
people,61,0.9916903972625732
people,22,0.9735009670257568
planets,60,0.9906349182128906
people,32,1.0184588432312012
planets,8,1.0378434658050537
people,50,1.1085491180419922
people,5,1.0533318519592285
people,35,0.9897778034210205
people,26,1.0072481632232666
people,37,0.9940295219421387
planets,36,1.0336151123046875
planets,25,1.0059471130371094
planets,21,1.0061097145080566
people,70,0.9869728088378906
planets,16,1.0012931823730469
people,1,0.9921090602874756
planets,47,0.9929890632629395
planets,20,0.9815905094146729
planets,4,0.961655855178833
people,18,1.0288360118865967
planets,24,1.000525712966919
planets,16,0.9887115955352783
people,25,0.9778602123260498
people,70,1.001185417175293
planets,12,0.9756588935852051
people,53,0.9832794666290283
planets,11,0.9527740478515625
people,26,0.9966182708740234
planets,34,0.9889702796936035
people,46,1.0075395107269287
planets,12,1.0244159698486328
people,18,1.0234014987945557
people,42,0.9855360984802246
planets,47,0.9549987316131592
people,6,1.0159997940063477
planets,11,0.9850606918334961
planets,38,0.9546999931335449
planets,3,1.0428745746612549
people,30,1.0110056400299072
people,67,1.004809856414795
people,56,1.0191526412963867
planets,32,0.9702749252319336
people,69,0.9834895133972168
planets,56,1.0760951042175293
planets,58,0.9711673259735107
planets,18,0.998039722442627
people,68,0.9782795906066895
planets,27,1.0138959884643555
planets,21,0.9757583141326904
people,53,0.9762210845947266
people,49,0.9877951145172119
planets,3,1.0146849155426025
planets,60,0.9873034954071045
planets,44,1.0181128978729248
people,76,0.9731194972991943
people,31,1.0463964939117432
people,15,0.9767918586730957
people,47,1.010714054107666
planets,32,0.9730789661407471
people,10,1.0201730728149414
planets,28,1.0049867630004883
people,65,0.9820406436920166
people,68,1.0070240497589111
planets,48,0.974639892578125
planets,5,1.0203113555908203
people,19,0.9759430885314941
planets,5,0.9802021980285645
people,48,0.9937019348144531
people,68,0.9820022583007812
people,56,0.9797117710113525
species,4,1.0340397357940674
people,82,1.068840742111206
people,54,1.0232329368591309
people,64,0.9910492897033691
planets,22,1.0033109188079834
people,67,0.9945888519287109
people,62,1.0305230617523193
people,72,0.9688973426818848
people,19,0.9790010452270508
people,80,1.041001319885254
people,55,1.0369963645935059
people,54,0.9772720336914062
people,3,1.000037431716919
planets,57,1.0157334804534912
people,59,0.9950010776519775
planets,39,1.0361065864562988
people,63,1.0086851119995117
planets,3,0.9779438972473145
planets,1,0.9849998950958252
planets,60,0.9983983039855957
planets,33,0.9599862098693848
people,34,0.9782228469848633
planets,20,1.0479555130004883
people,40,0.9740004539489746
people,67,1.0159988403320312
people,46,1.016589879989624
species,4,0.9969675540924072
planets,24,0.9910027980804443
people,83,0.989255428314209
people,70,0.9840052127838135
species,2,1.7123773097991943
planets,38,0.9678800106048584
people,15,0.9969971179962158
people,52,0.9850001335144043
people,24,1.0030014514923096
planets,5,0.992234468460083
people,74,0.9968163967132568
people,50,1.0050010681152344
planets,45,0.9579987525939941
planets,26,1.0060005187988281
planets,49,1.0193157196044922
people,8,1.0172226428985596
people,4,0.9779989719390869
planets,28,1.0004749298095703
people,1,0.9819998741149902
people,45,1.0022222995758057
people,76,1.0447595119476318
planets,32,0.9508881568908691
planets,5,0.9782042503356934
planets,30,1.0029973983764648
people,60,1.02317214012146
people,18,0.9914696216583252
people,27,0.9719972610473633
people,78,0.9930014610290527
people,35,0.9889988899230957
species,2,1.0045950412750244
planets,20,1.0018401145935059
people,52,1.0450010299682617
people,27,1.0016939640045166
people,12,1.0159988403320312
planets,46,0.9817206859588623
people,55,0.9743573665618896
people,8,1.011836051940918
people,3,1.0061061382293701
planets,27,1.040999174118042
planets,5,1.0077316761016846
people,60,0.9987304210662842
people,61,1.0039997100830078
people,79,0.9620003700256348
planets,11,1.008000135421753
people,13,1.042182445526123
planets,16,0.9875624179840088
planets,58,1.0079984664916992
people,47,0.9860012531280518
planets,54,0.9688746929168701
people,58,0.9702022075653076
people,69,0.9895355701446533
people,34,0.9709997177124023
planets,20,1.0038979053497314
planets,23,0.997999906539917
people,47,1.0092265605926514
people,19,0.9661226272583008
people,8,0.9569997787475586
people,52,1.0109984874725342
people,45,1.029998779296875
species,4,0.9670286178588867
people,21,0.979886531829834
species,4,0.9905991554260254
planets,21,1.060999870300293
people,50,1.0577588081359863
planets,29,1.01548171043396
planets,15,0.9588649272918701
people,13,0.9821717739105225
planets,9,0.9718167781829834
people,55,0.9759876728057861
people,47,0.9798247814178467
people,31,0.9723119735717773
people,22,0.9809722900390625
people,20,0.9809994697570801
planets,1,1.030998945236206
people,1,1.0340116024017334
people,2,1.044475793838501
people,51,0.9620020389556885
planets,57,0.9830002784729004
planets,22,1.0120000839233398
planets,35,0.9812071323394775
planets,34,0.9568202495574951
people,83,0.9878907203674316
planets,19,0.9789955615997314
planets,22,1.5306010246276855
planets,12,0.957507848739624
planets,53,0.9988372325897217
planets,53,0.9639983177185059
people,68,1.0108413696289062
people,12,0.9890029430389404
planets,51,0.974860668182373
people,38,0.9695384502410889
planets,15,1.0054295063018799
planets,22,0.9704608917236328
planets,2,1.019986867904663
people,74,0.973289966583252
people,81,1.0918810367584229
planets,35,0.9814653396606445
planets,10,1.00816011428833
people,37,1.008998155593872
planets,26,0.9850811958312988
planets,54,1.0324649810791016
people,80,0.9673929214477539
people,83,0.9569814205169678
people,53,0.9959948062896729
planets,55,0.9734609127044678
planets,18,0.9811699390411377
people,26,0.9649980068206787
people,43,1.0389983654022217
planets,12,0.9580037593841553
people,63,0.9820940494537354
planets,48,1.0143356323242188
planets,15,0.9410011768341064
people,60,0.9678792953491211
people,62,0.980215311050415
planets,17,0.9458906650543213
planets,5,0.9698443412780762
planets,15,0.9710068702697754
species,3,0.9639992713928223
people,49,1.024000644683838
planets,14,0.969907283782959
planets,44,0.9954891204833984
people,49,0.9675304889678955
planets,4,0.9792613983154297
people,81,1.9981706142425537
people,64,0.9750959873199463
people,46,0.9549133777618408
people,68,0.9695158004760742
people,13,1.077000617980957
planets,2,0.9973108768463135
people,42,0.963843584060669
people,45,1.0171525478363037
planets,11,1.005998134613037
people,66,0.9969997406005859
planets,51,0.9625654220581055
planets,38,0.963787317276001
people,34,0.9707896709442139
planets,15,0.9850008487701416
people,13,1.5490167140960693
planets,46,0.9645731449127197
people,34,1.1170978546142578
people,75,0.9749975204467773
planets,21,0.9799380302429199
species,3,1.0099992752075195
people,9,1.1532535552978516
people,37,0.9838995933532715
people,58,0.9949841499328613
people,6,0.9690122604370117
planets,52,0.9769983291625977
people,23,1.0040485858917236
people,55,0.9552323818206787
planets,49,1.0145184993743896
people,11,0.9599947929382324
planets,13,0.9970006942749023
planets,47,0.9436643123626709
planets,36,0.9563205242156982
planets,7,0.9940006732940674
planets,58,0.9829950332641602
planets,41,0.9792463779449463
people,48,0.9591882228851318
planets,16,0.9401769638061523
planets,41,1.0700116157531738
people,70,0.9570302963256836
planets,55,0.9760141372680664
planets,29,0.9936838150024414
people,67,0.964949369430542
people,75,1.0630004405975342
species,1,0.9629979133605957
planets,54,0.9740054607391357
people,33,0.9678809642791748
planets,42,0.9593322277069092
planets,52,1.0463800430297852
planets,14,1.515275001525879
people,24,0.959810733795166
people,64,0.9611752033233643
planets,41,0.9907402992248535
planets,4,0.9589991569519043
people,12,0.9659976959228516
people,34,1.0420050621032715
planets,50,0.983722448348999
people,23,1.046750783920288
people,81,0.99300217628479
planets,39,0.9639313220977783
species,2,0.9830007553100586
planets,40,0.96293044090271
planets,43,1.0471642017364502
people,27,0.9656600952148438
planets,21,0.9649944305419922
planets,38,1.00119948387146
planets,48,0.9859683513641357
people,24,1.0191619396209717
planets,32,1.6902897357940674
species,3,1.025994062423706
people,39,1.044827938079834
species,1,0.9907305240631104
planets,13,0.9429998397827148
people,32,1.0280022621154785
people,19,1.0383198261260986
people,43,2.0090034008026123
people,42,0.9887311458587646
people,13,1.0417242050170898
people,56,1.0609984397888184
people,23,1.0375006198883057
planets,54,1.0280930995941162
species,1,0.9939980506896973
people,78,1.0229978561401367
people,70,1.046144962310791
planets,36,0.9705855846405029
people,33,1.054046392440796
people,41,2.0733137130737305
people,39,0.9790031909942627
planets,33,0.9788625240325928
people,50,1.033280849456787
people,21,1.0252721309661865
planets,48,1.009997844696045
people,37,1.0329999923706055
species,2,0.9557666778564453
people,62,1.033376932144165
planets,43,1.0356333255767822
planets,55,1.000000238418579
people,51,0.9500865936279297
planets,57,0.9923601150512695
planets,54,1.0468461513519287
people,3,1.0801305770874023
people,62,2.3733620643615723
planets,2,0.9986965656280518
people,65,1.024613380432129
people,21,1.0581159591674805
planets,14,0.9809951782226562
people,65,1.0086791515350342
people,82,0.9516968727111816
planets,58,0.9878380298614502
people,9,1.0419979095458984
people,73,0.971132755279541
people,50,0.9443743228912354
people,69,0.9845809936523438
planets,29,0.9703752994537354
people,7,1.0130386352539062
people,62,0.9709970951080322
people,81,0.9616374969482422
species,1,0.963594913482666
people,28,0.9873344898223877
people,13,1.0199897289276123
planets,49,0.9725916385650635
people,27,1.0226902961730957
people,57,1.018418550491333
planets,57,0.9640598297119141
species,3,1.014918327331543
planets,40,0.9920017719268799
people,57,0.9856228828430176
people,7,0.9729824066162109
people,54,0.9517917633056641
people,80,1.0224874019622803
planets,19,0.9899969100952148
people,43,0.9550020694732666
people,72,0.981560468673706
people,77,0.9852645397186279
planets,14,1.014801263809204
people,41,0.97995924949646
people,25,1.0015780925750732
people,25,1.0170419216156006
planets,7,0.9570322036743164
people,40,1.0534629821777344
people,44,0.9730007648468018
people,16,1.5258922576904297
planets,5,0.9670925140380859
people,3,0.990079402923584
planets,19,1.0249991416931152
people,51,0.9489970207214355
planets,20,0.9545507431030273
people,29,0.943739652633667
planets,59,0.990424633026123
people,81,1.0042223930358887
people,75,1.0188238620758057
planets,44,0.9719123840332031
people,80,0.9641566276550293
planets,52,0.9755845069885254
planets,17,1.0060834884643555
planets,32,1.008012056350708
planets,56,0.9709720611572266
people,46,0.9449906349182129
people,67,0.941143274307251
people,4,1.0119996070861816
people,16,0.988776445388794
people,33,0.977001428604126
people,76,0.976212739944458
people,7,0.9628441333770752
people,33,0.9970016479492188
people,49,1.5141186714172363
people,6,0.9814839363098145
people,15,0.9528403282165527
planets,59,0.9566488265991211
people,73,1.0697698593139648
people,27,1.0200047492980957
planets,25,1.0031049251556396
people,18,0.97318434715271
planets,54,1.0298264026641846
planets,12,1.1056196689605713
people,29,0.9950013160705566
people,18,0.9643840789794922
people,11,0.977942943572998
planets,28,0.9844224452972412
people,35,1.0701544284820557
people,67,1.0209934711456299
people,62,0.9756309986114502
planets,58,0.9755561351776123
planets,27,1.0386700630187988
planets,40,1.0648751258850098
people,62,0.9556419849395752
planets,50,1.0094692707061768
people,73,0.9784953594207764
planets,28,0.9709985256195068
people,18,1.0380029678344727
people,74,0.9719939231872559
planets,34,0.9730138778686523
people,59,0.9554824829101562
people,27,0.9519984722137451
people,35,0.9561607837677002
people,26,1.0189998149871826
people,38,0.9602060317993164
people,34,0.9724702835083008
planets,34,0.9859998226165771
planets,13,0.9795253276824951
people,24,1.035428524017334
people,71,0.9722881317138672
people,42,0.9882504940032959
people,24,0.9677166938781738
people,81,1.0281884670257568
people,39,1.2849414348602295
planets,25,0.9475362300872803
species,3,0.9643189907073975
people,30,0.979705810546875
planets,53,0.9713521003723145
people,39,1.0376150608062744
planets,20,0.9651100635528564
planets,32,0.965512752532959
people,14,0.9697320461273193
people,58,0.9659481048583984
planets,52,1.0184440612792969
people,2,0.9412789344787598
planets,55,1.497426986694336
planets,10,0.9640040397644043
planets,56,1.0100009441375732
people,57,0.9617223739624023
people,71,0.9462080001831055
people,56,0.9754445552825928
people,25,0.9704220294952393
planets,20,1.0066511631011963
people,58,0.9810032844543457
planets,29,0.9452142715454102
people,5,0.9645147323608398
planets,57,0.9939990043640137
planets,58,0.9600770473480225
people,11,1.0152337551116943
people,69,0.957552433013916
people,49,1.0088539123535156
people,82,0.9719948768615723
people,40,0.9730067253112793
people,74,1.002765417098999
people,78,0.9464976787567139
species,3,0.9618947505950928
planets,9,1.0210018157958984
people,51,1.0079951286315918
people,72,1.052006721496582
planets,27,0.9841511249542236
people,24,0.9802422523498535
people,24,0.9797518253326416
planets,26,0.9640049934387207
people,18,1.0620903968811035
planets,26,0.9804003238677979
people,47,0.9435055255889893
people,2,0.9929919242858887
people,61,1.0369925498962402
people,56,1.0380008220672607
people,64,0.9637250900268555
people,28,0.9674365520477295
planets,9,0.9686393737792969
planets,22,1.1087517738342285
people,64,1.1766901016235352
people,24,0.9873547554016113
people,14,0.9770350456237793
people,65,1.002004623413086
people,63,1.079002857208252
people,3,0.9671173095703125
planets,44,0.9487419128417969
people,55,0.980621337890625
people,43,0.9510030746459961
planets,14,0.9659950733184814
planets,56,1.5700035095214844
planets,59,0.9851064682006836
planets,25,0.9762310981750488
people,2,0.9620010852813721
planets,33,1.0000007152557373
planets,26,1.0019981861114502
people,41,0.9678266048431396
people,46,1.0402674674987793
people,56,0.989037036895752
planets,20,1.0190038681030273
planets,37,0.9613425731658936
planets,41,0.9572131633758545
planets,5,0.989508867263794
planets,15,0.9653363227844238
planets,47,1.0503838062286377
planets,56,0.962998628616333
people,72,1.0472607612609863
people,3,0.9717442989349365
people,26,0.9369935989379883
planets,9,0.9984180927276611
people,59,0.976614236831665
people,42,1.0534131526947021
people,16,0.987046480178833
planets,13,0.9727723598480225
people,47,1.0310039520263672
planets,18,1.5356287956237793
people,34,0.9685890674591064
people,21,0.9889698028564453
people,58,0.9670929908752441
people,59,1.1699519157409668
people,74,0.9625680446624756
people,69,0.9750926494598389
planets,6,0.9589972496032715
planets,34,0.970067024230957
people,81,1.070582628250122
planets,42,0.9430601596832275
people,10,0.9887619018554688
planets,59,0.9753060340881348
people,36,1.021564245223999
people,46,1.0209250450134277
planets,8,0.9942975044250488
planets,14,0.9699430465698242
people,37,0.9731206893920898
planets,49,0.9399979114532471
people,16,1.0751807689666748
people,57,1.1322815418243408
planets,57,1.1304919719696045
people,2,0.9839940071105957
people,33,1.0148825645446777
people,81,0.9909970760345459
planets,10,0.9842455387115479
planets,44,1.241877794265747
planets,15,0.9800069332122803
people,53,1.540661096572876
people,47,0.966599702835083
planets,2,0.9603991508483887
people,41,1.0167057514190674
species,2,0.9881482124328613
people,61,1.6070022583007812
planets,42,0.9540290832519531
planets,56,0.9752509593963623
people,56,0.9576537609100342
people,36,1.0199947357177734
people,64,0.9791872501373291
people,44,0.9590239524841309
people,53,0.9884417057037354
people,72,0.9681503772735596
people,43,0.991915225982666
people,80,1.0239970684051514
people,38,0.9918999671936035
planets,8,0.9803502559661865
people,62,0.9796817302703857
planets,9,1.0271868705749512
people,20,0.9710037708282471
people,34,0.9541270732879639
people,47,0.9815969467163086
planets,58,0.9789977073669434
planets,34,1.0079267024993896
people,59,1.5755715370178223
people,53,1.0179481506347656
planets,5,0.9475357532501221
planets,3,0.9680049419403076
species,4,1.5266203880310059
people,80,1.0079050064086914
planets,15,0.9721522331237793
planets,9,0.9618287086486816
planets,59,0.9760010242462158
people,30,1.2540004253387451
people,21,1.0233302116394043
people,21,0.9350028038024902
people,48,0.9689993858337402
people,75,1.0200014114379883
people,67,1.6515238285064697
people,9,1.0543606281280518
people,28,1.0876433849334717
people,18,1.0039997100830078
people,4,1.2683522701263428
planets,13,1.107985258102417
people,63,1.1112089157104492
planets,1,1.1877317428588867
people,45,1.1122381687164307
people,30,1.1482360363006592
people,38,1.1187877655029297
planets,23,1.432633399963379
planets,13,2.059924364089966
planets,4,1.5737040042877197
people,35,1.077012538909912
people,51,0.9889864921569824
people,15,0.9826226234436035
people,39,1.0148322582244873
people,35,0.9947631359100342
planets,58,0.9624755382537842
people,47,0.9808108806610107
people,33,1.0009994506835938
planets,34,1.0384485721588135
planets,18,0.9499132633209229
planets,47,0.9550018310546875
people,6,0.9879970550537109
people,42,0.9950003623962402
people,29,1.0064375400543213
planets,54,0.9848008155822754
people,64,0.9583084583282471
people,10,0.9830009937286377
planets,39,1.0280017852783203
species,1,0.956820011138916
planets,32,1.0069072246551514
people,4,0.9567883014678955
planets,25,0.9829931259155273
planets,43,0.9676873683929443
people,27,0.958449125289917
people,18,1.0249431133270264
people,39,0.9737119674682617
planets,24,1.0174131393432617
people,10,0.999995231628418
people,41,0.9745783805847168
people,40,1.0265581607818604
people,20,0.9749987125396729
planets,17,0.9369986057281494
people,20,1.0080032348632812
people,28,1.0166807174682617
people,5,1.0270636081695557
people,42,0.9686245918273926
planets,25,0.9986100196838379
planets,11,0.9860377311706543
people,63,0.9756240844726562
people,71,1.2045788764953613
planets,3,0.9730024337768555
planets,49,0.9709985256195068
planets,47,0.981043815612793
planets,41,1.0060539245605469
planets,14,0.9931051731109619
planets,23,0.9616751670837402
planets,53,0.9980053901672363
people,13,0.9949984550476074
planets,9,0.9642136096954346
planets,15,1.0187575817108154
planets,45,0.9816224575042725
planets,31,0.9380240440368652
planets,50,0.9799928665161133
planets,15,0.9639501571655273
planets,53,1.0265021324157715
people,59,0.9876580238342285
people,37,1.30428147315979
people,15,0.9750010967254639
people,71,0.9920253753662109
people,57,1.0072352886199951
people,5,0.9660003185272217
planets,49,0.9984524250030518
planets,41,0.9650013446807861
species,4,1.5298514366149902
people,21,1.006868839263916
planets,37,0.9550046920776367
planets,14,0.9934625625610352
planets,52,0.9776613712310791
planets,54,1.0095691680908203
planets,17,1.0173280239105225
people,7,0.967008113861084
people,46,0.9989922046661377
people,44,0.9777381420135498
people,27,0.991288423538208
planets,60,1.0186653137207031
planets,35,1.002027988433838
people,52,0.9800004959106445
people,42,0.9775631427764893
people,32,0.970726728439331
planets,5,0.9848659038543701
people,28,0.9579999446868896
people,5,1.5813043117523193
people,40,1.0094118118286133
people,63,1.0038797855377197
planets,50,1.0067336559295654
people,48,0.9930505752563477
planets,11,0.9859969615936279
planets,27,0.9850273132324219
people,34,1.0195646286010742
people,80,1.0684447288513184
planets,56,0.9888601303100586
people,12,1.5186717510223389
planets,16,0.9484870433807373
planets,36,1.0143821239471436
planets,10,0.9837706089019775
people,53,0.97825026512146
people,74,0.9616880416870117
planets,21,0.9411237239837646
people,1,1.0253963470458984
planets,1,0.972529411315918
planets,37,0.9907107353210449
people,65,1.0356354713439941
people,19,0.976248025894165
planets,38,0.9876201152801514
people,11,0.9906723499298096
people,35,1.0157787799835205
planets,6,0.9900567531585693
species,2,0.9556219577789307
people,67,1.003366231918335
planets,56,0.9867293834686279
planets,32,0.9842829704284668
people,19,1.0096397399902344
people,31,0.9737985134124756
planets,44,1.0233545303344727
people,82,0.9736082553863525
people,32,1.0015652179718018
planets,57,0.9991176128387451
planets,27,0.9847538471221924
species,1,1.0348527431488037
people,31,0.9614832401275635
people,4,1.0181620121002197
people,29,0.9748618602752686
planets,12,0.9704141616821289
people,40,1.0060360431671143
planets,24,0.9962503910064697
people,40,0.9929378032684326
people,14,0.9642477035522461
people,22,1.0045526027679443
people,81,1.0398144721984863
people,39,0.9847712516784668
planets,16,0.9977695941925049
people,37,1.0335009098052979
people,80,0.979724645614624
people,74,1.0642788410186768
people,31,0.9765465259552002
species,1,1.0460424423217773
people,25,0.9799618721008301
people,60,0.9603474140167236
people,18,1.023071050643921
people,73,0.965648889541626
planets,40,1.0056521892547607
people,74,0.95723557472229
people,15,0.968461275100708
people,36,1.0407092571258545
people,9,0.9905264377593994
people,72,0.9966726303100586
planets,44,1.0217130184173584
people,54,0.9667973518371582
people,51,1.0575499534606934
people,37,0.9868886470794678
people,2,1.0070643424987793
planets,32,1.0185394287109375
people,1,0.9890742301940918
people,46,1.0462353229522705
people,26,0.990837574005127
people,67,1.378690481185913
planets,36,0.9623422622680664
people,59,0.9897396564483643
people,66,1.017423152923584
people,12,0.946429967880249
planets,1,1.0055742263793945
people,5,0.9843242168426514
planets,15,1.0243253707885742
people,49,1.049962043762207
people,26,0.9869146347045898
planets,14,0.9722788333892822
people,54,0.9697394371032715
people,16,0.9724216461181641
people,33,1.0154364109039307
people,71,0.9803574085235596
planets,30,1.0003719329833984
people,18,0.974815845489502
people,64,1.0536854267120361
planets,6,1.2597532272338867
people,30,1.1934049129486084
people,78,1.2010016441345215
people,66,1.105530023574829
people,48,1.006666660308838
planets,28,0.989001989364624
species,4,0.9789988994598389
people,82,0.9800014495849609
people,28,0.9918103218078613
people,83,1.0313129425048828
people,13,0.968327522277832
planets,10,0.9770116806030273
people,53,1.0028185844421387
people,38,1.0186805725097656
people,55,1.02402925491333
people,3,0.9535074234008789
people,42,0.9570009708404541
people,65,1.0187997817993164
people,46,0.9763262271881104
planets,20,1.0290184020996094
people,77,0.9702155590057373
planets,50,0.9687271118164062
planets,50,1.0626320838928223
planets,39,0.9708414077758789
people,38,1.0164146423339844
people,37,0.9971096515655518
people,8,0.9778146743774414
people,39,0.9692597389221191
planets,1,0.9744629859924316
planets,52,1.0115995407104492
people,68,1.0556373596191406
people,79,0.96738600730896
people,74,1.0060005187988281
people,71,0.968364953994751
planets,34,1.0222196578979492
planets,48,0.9687395095825195
people,78,1.0443437099456787
people,30,1.5023744106292725
people,62,0.9675984382629395
planets,50,1.028174638748169
people,15,0.9846034049987793
people,37,0.9883880615234375
planets,14,0.9792280197143555
people,27,1.0174665451049805
planets,11,1.0150642395019531
people,69,0.9860358238220215
planets,23,1.0185189247131348
people,66,0.9703080654144287
people,30,0.962773323059082
planets,24,1.0606234073638916
people,82,1.0392966270446777
planets,60,1.5396301746368408
planets,27,1.006448745727539
planets,32,1.0341825485229492
people,12,0.9931328296661377
people,45,1.0293457508087158
people,71,0.9729642868041992
planets,58,0.9659523963928223
people,61,1.0362164974212646
planets,53,0.9975118637084961
planets,30,1.0347847938537598
planets,6,1.0235791206359863
people,13,0.9862568378448486
planets,4,1.0011804103851318
people,60,1.2225046157836914
planets,45,0.9993398189544678
people,33,0.9931278228759766
people,45,0.9741096496582031
planets,11,1.0038831233978271
people,51,0.9610531330108643
planets,26,0.9769818782806396
planets,46,0.9844324588775635
people,51,0.9816672801971436
people,81,1.0012338161468506
planets,55,0.9877583980560303
people,51,0.9768843650817871
people,28,0.9729955196380615
people,44,0.9879543781280518
people,49,1.0259032249450684
people,14,0.9938886165618896
planets,41,1.5130269527435303
planets,28,0.9610457420349121
planets,50,0.9705777168273926
planets,60,1.035275936126709
people,70,1.03076171875
people,13,1.0224199295043945
planets,7,1.1588871479034424
planets,14,0.9811277389526367
people,66,1.2585701942443848
people,15,1.010976791381836
planets,13,0.9977810382843018
people,53,1.088235855102539
people,39,1.012531042098999
planets,42,0.9704844951629639
people,29,0.9733719825744629
people,42,0.9645540714263916
people,14,0.9914841651916504
people,70,1.0451860427856445
planets,58,0.9500274658203125
people,19,0.9656543731689453
people,45,1.0257279872894287
people,45,0.9671976566314697
planets,7,1.069934606552124
people,5,0.9921319484710693
people,58,0.9889113903045654
people,36,0.9893279075622559
species,4,0.9957170486450195
planets,12,1.02308988571167
species,3,0.98427414894104
people,48,0.9685707092285156
people,30,0.9752836227416992
planets,1,0.9587581157684326
people,77,1.0241179466247559
people,52,1.005253553390503
people,34,0.9891571998596191
species,3,0.9661903381347656
people,15,1.0047366619110107
people,68,1.011134147644043
planets,11,0.9586880207061768
species,3,0.962958812713623
people,54,1.0141878128051758
people,37,0.9822995662689209
planets,24,1.011125087738037
people,39,0.9525558948516846
people,29,0.983783483505249
people,40,1.0169274806976318
people,29,0.991239070892334
planets,20,1.0580885410308838
planets,58,0.960730791091919
people,43,0.9788775444030762
people,36,1.0528779029846191
people,24,1.025172472000122
people,13,1.0734684467315674
people,61,0.9755599498748779
planets,36,1.0127835273742676
species,1,1.0018789768218994
people,15,0.9590225219726562
people,59,1.0381324291229248
planets,5,0.9663465023040771
planets,51,1.0427498817443848
planets,29,1.0391550064086914
species,2,0.9830625057220459
people,45,0.9803845882415771
people,9,0.952369213104248
people,39,1.0361015796661377
people,9,1.0324482917785645
species,4,0.9621481895446777
species,2,1.0371170043945312
people,67,1.0873298645019531
people,42,0.988588809967041
people,59,0.9672567844390869
planets,25,0.9671745300292969
planets,15,1.0033621788024902
people,23,1.0041890144348145
planets,57,0.9692056179046631
people,72,1.0498876571655273
people,23,0.9736762046813965
people,83,1.0318732261657715
people,83,0.9850766658782959
planets,48,0.9822766780853271
planets,23,0.9705462455749512
people,36,0.9733808040618896
planets,45,1.0736515522003174
people,64,0.9728543758392334
people,42,1.0827808380126953
planets,40,0.990363359451294
people,66,0.9900290966033936
planets,46,1.0647716522216797
planets,40,0.9760780334472656
planets,42,1.0252022743225098
people,56,0.9827961921691895
planets,28,0.9922189712524414
people,4,1.111029863357544
species,2,0.9895877838134766
species,1,0.994981050491333
people,9,0.9930388927459717
planets,56,0.9819200038909912
people,58,1.0273466110229492
planets,37,0.995154857635498
people,18,0.9881415367126465
people,35,1.9878065586090088
planets,37,1.0151278972625732
planets,39,0.964949369430542
people,3,0.9888660907745361
planets,31,0.9742996692657471
planets,53,0.9645936489105225
people,9,1.054947853088379
people,4,0.993471622467041
people,77,0.9747087955474854
people,11,0.9529705047607422
planets,1,0.9677596092224121
planets,57,1.0177538394927979
people,32,0.9828767776489258
planets,6,0.9648327827453613
people,8,0.9991238117218018
planets,33,1.1178617477416992
planets,30,1.0284531116485596
planets,52,0.9913802146911621
people,72,0.9666743278503418
planets,52,0.9886226654052734
planets,44,1.0910370349884033
people,39,1.151770830154419
people,44,0.9657478332519531
people,67,0.9745876789093018
planets,58,0.9996218681335449
species,1,0.9724113941192627
people,41,1.0547394752502441
planets,4,0.9874694347381592
planets,57,0.9670608043670654
people,34,1.0135698318481445
people,14,0.9742720127105713
planets,57,1.041804313659668
people,63,0.9470527172088623
people,41,0.9847512245178223
people,44,0.9713830947875977
people,71,0.9838442802429199
planets,34,1.180335521697998
planets,4,0.9625077247619629
people,40,1.0391690731048584
people,69,1.0035309791564941
people,75,1.0128092765808105
people,63,1.1370995044708252
people,60,1.0849523544311523
planets,11,0.9851226806640625
people,80,1.049178123474121
people,5,1.0056822299957275
people,44,1.0107505321502686
people,46,0.9762940406799316
planets,26,1.0035574436187744
people,36,1.0231623649597168
planets,27,0.9835131168365479
people,54,1.0743043422698975
people,33,0.9789211750030518
people,53,0.9994382858276367
planets,25,0.962116003036499
people,10,0.9657626152038574
people,31,1.0408542156219482
people,32,0.9757111072540283
people,60,1.0220179557800293
people,15,0.9779982566833496
planets,29,0.9654712677001953
people,48,1.0429637432098389
planets,27,0.9668147563934326
people,4,1.0436680316925049
people,26,1.0102639198303223
people,18,0.9792203903198242
people,18,1.0327017307281494
people,51,0.9674935340881348
people,8,1.202627420425415
planets,38,1.0107753276824951
planets,52,1.1768953800201416
people,25,0.9710657596588135
planets,29,0.9568309783935547
people,65,1.046006441116333
planets,2,0.9609706401824951
planets,24,1.0452826023101807
people,18,0.9603803157806396
planets,29,0.9663219451904297
planets,32,1.041745901107788
people,31,1.0534472465515137
people,3,1.1522953510284424
planets,18,0.9965596199035645
people,71,1.079087257385254
people,72,0.9609148502349854
people,36,0.9695751667022705
people,66,1.0777804851531982
planets,49,1.1483185291290283
people,41,0.9859435558319092
species,2,0.9989032745361328
planets,43,0.9914684295654297
planets,37,1.0454380512237549
species,1,0.983445405960083
people,39,1.0179107189178467
people,5,0.9935133457183838
people,49,0.997239351272583
people,64,1.0623173713684082
people,4,0.9683699607849121
planets,57,0.9712069034576416
people,9,0.9656004905700684
planets,11,0.9765007495880127
people,44,1.0862531661987305
people,21,0.9714453220367432
people,10,0.9958760738372803
people,67,0.9769504070281982
people,81,1.0368001461029053
people,2,1.0546042919158936
people,9,0.9726660251617432
people,1,0.9922435283660889
planets,34,0.9515547752380371
planets,27,0.9722816944122314
people,59,1.0233607292175293
planets,57,1.1436090469360352
people,7,0.9667313098907471
planets,19,0.9648146629333496
people,6,0.9631738662719727
planets,48,0.9891977310180664
planets,2,0.9947943687438965
planets,26,1.050849437713623
planets,38,0.970322847366333
people,10,1.022947072982788
people,38,1.0433919429779053
species,3,0.9885308742523193
people,79,0.9638137817382812
planets,5,0.9600117206573486
people,10,0.9852099418640137
planets,54,1.0237445831298828
planets,52,0.9781744480133057
planets,35,0.9833593368530273
people,56,0.9945454597473145
planets,2,0.9764852523803711
planets,51,1.0106654167175293
people,42,0.9609839916229248
people,41,1.01426362991333
people,31,0.9950940608978271
planets,30,0.9734969139099121
people,28,1.033198595046997
planets,34,0.9456577301025391
people,50,1.0224568843841553
planets,26,0.9870069026947021
planets,19,1.002450704574585
planets,29,1.0165529251098633
planets,26,0.9605929851531982
people,81,0.9957141876220703
people,1,0.9745938777923584
planets,58,0.9737396240234375
people,7,1.0345382690429688
planets,38,0.9693877696990967
people,32,1.016676425933838
people,52,0.9787852764129639
people,80,0.9760053157806396
people,59,1.1057569980621338
planets,15,0.9833738803863525
planets,14,0.9917099475860596
planets,20,0.9798109531402588
people,2,0.9886670112609863
people,79,1.4589827060699463
planets,38,0.9974246025085449
people,18,0.9796140193939209
planets,43,0.9739131927490234
people,75,0.9682133197784424
people,31,1.0484073162078857
planets,2,0.9693586826324463
people,61,0.9727647304534912
planets,45,0.9674379825592041
people,79,0.9645168781280518
planets,40,1.1125319004058838
people,6,1.010913610458374
planets,13,0.9927701950073242
people,77,0.963526725769043
people,62,0.9622552394866943
planets,12,1.0118637084960938
people,44,0.9875621795654297
planets,20,0.9699554443359375
people,66,0.9755134582519531
people,39,0.9737448692321777
planets,54,1.0108156204223633
planets,39,0.9574532508850098
planets,54,0.9565849304199219
planets,57,0.9568393230438232
planets,13,0.9587192535400391
people,32,1.0125958919525146
planets,42,1.233139991760254
planets,21,1.0117051601409912
planets,23,0.9779689311981201
people,36,0.9860005378723145
people,69,1.023639440536499
planets,44,0.9784533977508545
people,7,0.9692494869232178
planets,27,0.9673335552215576
species,4,0.9843306541442871
planets,31,1.0058224201202393
people,25,0.946481466293335
people,52,0.9997434616088867
people,35,0.9745604991912842
people,16,0.9997797012329102
people,18,1.0129880905151367
people,6,0.9675331115722656
planets,16,1.0053658485412598
people,45,0.982569694519043
people,40,0.9911177158355713
people,53,1.0259902477264404
people,19,0.98187255859375
people,4,1.0015714168548584
people,65,0.9725649356842041
people,67,0.9938037395477295
species,1,1.0478601455688477
people,62,1.074491024017334
planets,49,0.9719483852386475
people,67,0.9784927368164062
planets,6,1.016977310180664
people,58,1.0106940269470215
planets,8,0.9763805866241455
people,43,0.9848966598510742
planets,37,0.983062744140625
people,36,0.9986128807067871
planets,44,1.0440609455108643
planets,4,0.9729878902435303
people,70,0.9929885864257812
planets,31,0.9871983528137207
planets,45,0.9722254276275635
people,61,1.0578281879425049
people,66,0.9759438037872314
people,14,1.0009522438049316
people,48,0.9966528415679932
planets,53,0.9955620765686035
people,29,1.0116627216339111
people,31,1.4192256927490234
planets,24,0.9534475803375244
people,70,1.0319509506225586
planets,10,1.0097360610961914
people,29,0.9744105339050293
people,53,0.9780173301696777
people,1,0.9629373550415039
planets,12,1.0078449249267578
people,2,1.0496516227722168
planets,31,1.036275863647461
people,47,1.581380844116211
species,1,0.9733760356903076
people,34,0.9574346542358398
people,36,1.0396411418914795
people,63,0.9805748462677002
people,51,0.9888360500335693
people,69,0.9841213226318359
people,78,0.9617972373962402
people,67,1.0685365200042725
people,61,0.97894287109375
people,34,0.9923231601715088
people,21,1.0289204120635986
planets,8,0.9891393184661865
planets,21,1.0561494827270508
people,28,0.969984769821167
people,1,1.0039362907409668
planets,24,1.0232162475585938
people,18,0.980555534362793
people,56,1.0357067584991455
people,66,0.9890084266662598
planets,58,1.0475454330444336
people,5,0.9965856075286865
people,75,1.0264618396759033
planets,53,1.0184335708618164
planets,59,1.074117660522461
people,76,1.009340524673462
people,73,0.998748779296875
species,3,0.9807889461517334
people,30,1.0891249179840088
people,80,1.0028293132781982
people,12,1.0000793933868408
people,60,0.9912147521972656
planets,53,1.0041637420654297
planets,39,1.0008759498596191
planets,37,0.9675750732421875
planets,12,1.0035622119903564
people,28,1.0222632884979248
planets,17,1.0256731510162354
planets,2,0.9570791721343994
people,2,1.0106523036956787
people,52,0.9843235015869141
planets,47,0.9818429946899414
planets,12,0.9698688983917236
people,4,1.0949394702911377
planets,49,0.9749414920806885
planets,47,1.0147175788879395
planets,29,0.9719271659851074
people,30,1.0400657653808594
people,72,0.969158411026001
people,15,0.9867041110992432
people,45,1.1389358043670654
planets,52,1.0507736206054688
planets,15,1.250458002090454
planets,23,0.9819118976593018
species,1,1.625856637954712
people,31,1.030449628829956
people,30,1.0493648052215576
planets,44,1.0024843215942383
people,26,0.990502119064331
planets,41,0.958120584487915
species,4,0.9799849987030029
planets,52,1.0177421569824219
people,75,0.9613161087036133
people,18,0.9895045757293701
planets,39,0.9813010692596436
planets,16,0.969327449798584
people,35,1.0432710647583008
people,29,0.977435827255249
people,81,0.9945547580718994
people,63,0.9806575775146484
people,69,0.984431266784668
people,18,1.5649569034576416
planets,11,1.0638093948364258
people,27,0.9745891094207764
planets,17,0.9849889278411865
people,33,0.9730005264282227
planets,54,1.0083966255187988
planets,2,1.0089774131774902
species,1,0.9585175514221191
people,42,1.0218658447265625
people,3,1.0694317817687988
people,75,0.9930214881896973
people,65,1.071561574935913
people,27,0.985468864440918
planets,50,0.9601001739501953
people,13,1.0254294872283936
people,47,0.9619779586791992
people,58,1.0297789573669434
people,26,1.0103731155395508
planets,5,1.0122835636138916
planets,27,1.0118377208709717
people,76,0.9873387813568115
people,69,1.022904634475708
people,64,1.00773024559021
people,53,0.9953398704528809
planets,26,0.954343318939209
people,69,0.9684321880340576
people,6,1.0294272899627686
people,61,1.0711348056793213
people,10,0.9724676609039307
people,54,1.0418531894683838
species,4,0.9655563831329346
people,25,1.022761344909668
people,68,0.9751172065734863
people,54,0.9749026298522949
people,44,0.9791271686553955
people,24,0.9772000312805176
people,34,1.0367109775543213
people,4,0.9898731708526611
planets,24,1.0125582218170166
people,36,0.9962539672851562
people,75,1.0003905296325684
planets,22,1.0462217330932617
people,20,1.0805492401123047
people,69,0.9634480476379395
planets,9,0.9630978107452393
people,39,1.0273568630218506
planets,44,1.0451023578643799
planets,11,1.0020966529846191
planets,2,1.003455400466919
people,15,0.9802556037902832
people,72,0.9761948585510254
planets,25,1.0457594394683838
people,56,1.0144286155700684
people,5,0.9924676418304443
planets,33,0.9785284996032715
people,24,0.994330644607544
people,38,1.0313968658447266
people,13,0.9702918529510498
planets,53,0.9646737575531006
planets,37,0.9793510437011719
people,26,0.9658198356628418
people,7,1.0167298316955566
planets,25,1.0014081001281738
people,47,0.9997501373291016
planets,13,0.954988956451416
planets,53,0.9636409282684326
people,72,1.084916591644287
planets,1,1.0372860431671143
people,25,0.9733123779296875
planets,44,0.9911847114562988
people,51,0.9821450710296631
people,13,1.0512518882751465
planets,38,0.9687349796295166
planets,7,0.9905335903167725
people,71,1.0537426471710205
planets,55,0.9823598861694336
planets,59,1.0466959476470947
planets,24,0.988361120223999
people,37,0.9857101440429688
planets,26,1.0332233905792236
planets,22,1.0068743228912354
planets,50,1.0332331657409668
people,21,1.0144493579864502
people,75,1.0580720901489258
species,4,1.0335495471954346
people,81,1.0257906913757324
people,5,0.9815590381622314
planets,44,1.0031135082244873
planets,58,0.9916157722473145
planets,16,1.0015754699707031
people,21,1.0320496559143066
planets,1,1.0114977359771729
people,34,1.5156848430633545
people,20,1.1732406616210938
people,12,1.5547208786010742
planets,60,1.6614582538604736
planets,55,1.0466175079345703
people,37,1.0313446521759033
planets,15,0.967634916305542
planets,46,1.027162790298462
planets,56,1.0065662860870361
people,52,0.9660830497741699
people,10,1.072131633758545
planets,7,1.0760326385498047
planets,10,1.0969080924987793
planets,18,0.987903356552124
planets,50,0.9771358966827393
planets,41,0.9582629203796387
people,3,0.9762508869171143
planets,36,1.0669846534729004
planets,41,0.9968314170837402
people,27,0.9926490783691406
planets,1,0.966977596282959
people,20,0.9885220527648926
planets,60,1.0342023372650146
species,1,0.9617455005645752
people,37,0.9657542705535889
planets,15,1.02083158493042
planets,18,1.0580213069915771
planets,27,1.007718563079834
planets,33,0.9774348735809326
people,1,0.9886469841003418
people,15,0.999506950378418
planets,39,1.559394121170044
planets,11,1.0171575546264648
planets,36,1.0155525207519531
people,28,1.4966299533843994
people,51,0.9676580429077148
people,1,1.0806913375854492
planets,56,0.9961264133453369
people,52,0.9936411380767822
people,7,0.9485900402069092
planets,49,0.9820058345794678
people,39,1.7038404941558838
people,80,0.9863650798797607
people,8,1.0866611003875732
planets,13,0.9693410396575928
planets,48,1.0476350784301758
planets,21,0.9953408241271973
planets,34,0.9909827709197998
planets,51,0.9728827476501465
people,77,1.0056350231170654
planets,47,1.0727105140686035
people,44,0.9837672710418701
people,3,0.9828629493713379
people,70,0.9674458503723145
planets,17,0.9815599918365479
planets,38,1.0972719192504883
species,4,0.9796278476715088
planets,37,0.9918625354766846
planets,1,1.0201642513275146
planets,28,0.9922850131988525
planets,54,1.053790807723999
people,4,0.9698581695556641
people,18,0.994267463684082
people,76,0.960153341293335
people,30,0.9625105857849121
people,56,1.0295703411102295
people,6,0.9928643703460693
people,56,0.9775950908660889
people,67,0.9718761444091797
people,42,1.0002522468566895
people,11,1.6165776252746582
people,82,0.9488534927368164
people,54,0.9731383323669434
planets,21,0.9907536506652832
planets,27,0.960963249206543
people,57,1.0328691005706787
planets,38,1.093806505203247
people,16,0.9904346466064453
planets,58,1.0011041164398193
planets,34,0.9691512584686279
species,3,1.0198757648468018
people,21,0.9939806461334229
people,23,1.0026497840881348
people,83,0.972639799118042
people,45,0.9748265743255615
planets,26,1.0505619049072266
planets,52,0.9862606525421143
planets,37,0.9712741374969482
people,24,0.9779765605926514
planets,27,0.9753191471099854
planets,50,1.0242748260498047
people,45,1.6581056118011475
people,60,1.016646146774292
planets,25,0.949293851852417
planets,20,1.4863276481628418
people,7,0.9702563285827637
planets,48,0.9657554626464844
planets,20,1.0146265029907227
people,6,0.9935300350189209
people,28,1.0678465366363525
planets,22,0.9649851322174072
planets,53,0.9699788093566895
planets,38,0.9774932861328125
planets,21,0.9888429641723633
species,2,1.024749994277954
planets,2,0.9652211666107178
people,70,1.0061509609222412
people,9,1.0741853713989258
people,76,1.018282413482666
people,60,1.1004018783569336
planets,21,1.0099973678588867
planets,54,0.990999698638916
planets,14,0.9823119640350342
people,59,0.9970917701721191
people,81,1.1122105121612549
people,63,0.994917631149292
planets,17,1.0042314529418945
species,2,0.9767360687255859
people,28,0.9955742359161377
people,14,1.0777604579925537
planets,50,0.9978153705596924
people,59,0.991450309753418
planets,41,0.972337007522583
people,79,1.0602302551269531
people,9,1.0708341598510742
planets,39,0.9838061332702637
people,76,1.0549020767211914
people,67,1.0344483852386475
planets,52,1.0623371601104736
people,74,0.985461950302124
people,78,0.9910364151000977
people,1,1.000051498413086
planets,60,1.0503959655761719
planets,33,4.082956075668335
people,48,0.9622089862823486
people,83,1.0087392330169678
planets,25,1.02781343460083
people,15,1.0195229053497314
planets,46,1.0014216899871826
planets,7,0.9991023540496826
people,49,1.0034046173095703
people,58,1.0386648178100586
people,6,1.0844841003417969
people,78,0.9880678653717041
people,19,0.9803688526153564
planets,60,0.9951868057250977
people,49,0.991898775100708
people,36,1.0038440227508545
planets,44,0.9889919757843018
people,20,0.9918911457061768
people,18,1.0476231575012207
planets,5,1.0031704902648926
people,38,1.0049655437469482
people,36,1.0679190158843994
planets,52,0.9874403476715088
planets,6,1.0040605068206787
people,49,0.9651384353637695
people,13,0.9775159358978271
people,35,1.0494825839996338
people,81,0.9818589687347412
people,49,1.0237908363342285
planets,46,0.9574451446533203
people,32,1.0179517269134521
people,36,0.9698505401611328
planets,48,1.5422675609588623
people,45,1.0417675971984863
people,11,0.9938678741455078
planets,56,1.032404899597168
planets,29,0.9740891456604004
planets,9,1.048853874206543
people,39,0.9995822906494141
people,26,0.9759471416473389
species,3,1.0292859077453613
people,3,0.9498863220214844
people,71,1.0148382186889648
people,24,1.0656752586364746
people,80,1.012685775756836
people,70,1.0301573276519775
planets,19,1.1468853950500488
planets,34,1.1074345111846924
people,10,1.051633358001709
planets,1,0.9689459800720215
planets,37,1.0235497951507568
planets,43,1.0202345848083496
planets,6,1.0461370944976807
people,16,0.9810090065002441
people,23,0.9757730960845947
planets,28,0.9936637878417969
people,52,0.9658730030059814
species,1,0.9695837497711182
planets,21,0.9793541431427002
people,70,0.9996449947357178
people,62,0.9997889995574951
people,82,0.9969546794891357
people,13,0.985060453414917
planets,51,1.0125024318695068
people,67,1.038428544998169
planets,11,1.0084805488586426
planets,19,1.0215179920196533
planets,52,0.9820191860198975
planets,5,1.0143635272979736
people,18,0.9664516448974609
planets,14,0.9877688884735107
people,9,1.0025346279144287
people,66,0.9613461494445801
planets,8,1.0335066318511963
people,30,0.9972128868103027
people,26,1.0228724479675293
people,83,0.9791243076324463
people,39,1.021496057510376
planets,35,0.9753556251525879
planets,60,0.9618828296661377
people,69,0.9565575122833252
people,5,0.9584732055664062
planets,57,0.9939010143280029
people,47,1.0456762313842773
people,64,0.9655168056488037
people,2,0.9684858322143555
planets,50,1.0544569492340088
people,63,0.993516206741333
planets,14,1.0061850547790527
planets,6,0.9524862766265869
people,34,1.0172405242919922
planets,39,0.9617297649383545
planets,14,1.014331579208374
planets,52,0.9926357269287109
people,55,0.9903950691223145
planets,34,0.9490976333618164
planets,39,0.9680371284484863
people,76,0.9933905601501465
planets,28,0.9665493965148926
people,5,0.9642014503479004
planets,8,0.9603774547576904
people,18,0.9838607311248779
planets,53,0.9609222412109375
people,80,1.0030546188354492
people,9,0.9934954643249512
people,23,1.0018808841705322
planets,8,1.0096054077148438
planets,32,0.986182451248169
people,82,1.0092155933380127
planets,17,1.032102108001709
people,58,0.9862914085388184
people,13,0.9826087951660156
people,21,1.0158076286315918
planets,29,0.9739909172058105
planets,51,0.9753038883209229
planets,47,1.0064995288848877
planets,33,1.0323162078857422
people,41,0.9854671955108643
planets,42,1.052262306213379
people,60,1.003321647644043
people,19,0.9709575176239014
people,29,0.9939899444580078
people,34,1.0029618740081787
people,47,0.9652109146118164
planets,8,1.0066165924072266
people,78,1.01564359664917
planets,43,0.986607551574707
planets,20,0.9917294979095459
people,14,0.9890017509460449
planets,10,0.9812660217285156
planets,32,0.9818840026855469
planets,3,1.5461821556091309
planets,22,0.968395471572876
people,55,0.9956400394439697
planets,60,0.9667870998382568
people,66,0.9904015064239502
people,71,0.985468864440918
planets,59,1.0118811130523682
people,81,0.969609260559082
people,68,0.9709620475769043
planets,1,0.9956133365631104
people,6,0.9771497249603271
people,27,0.9929518699645996
people,4,1.0706427097320557
people,45,1.0111982822418213
planets,12,0.9718039035797119
people,22,0.9994866847991943
planets,19,1.565319299697876
people,81,0.9726440906524658
people,78,1.0010340213775635
planets,46,0.9601953029632568
people,81,1.0054962635040283
people,72,1.6589138507843018
planets,36,0.9773976802825928
species,1,0.9704315662384033
people,38,0.9606249332427979
planets,9,0.9907994270324707
planets,44,0.9954864978790283
people,3,0.9956576824188232
people,19,0.9999806880950928
planets,53,0.9869384765625
people,57,1.0762574672698975
people,23,1.0518174171447754
planets,12,0.9660191535949707
people,30,0.976292610168457
people,41,0.9949507713317871
planets,9,0.9872565269470215
people,47,1.0009276866912842
planets,23,0.9713802337646484
people,10,1.0103843212127686
people,15,0.9721212387084961
planets,20,0.9770002365112305
people,52,0.9702754020690918
planets,21,0.9805519580841064
people,9,0.9969601631164551
people,32,0.9620842933654785
people,16,1.0019972324371338
planets,26,0.9766731262207031
people,49,0.9637031555175781
people,57,0.9760732650756836
species,1,0.961007833480835
planets,9,1.0092637538909912
people,78,0.9511430263519287
people,25,0.981104850769043
people,48,0.9789483547210693
planets,26,0.9895884990692139
people,75,1.0527088642120361
people,10,1.0306477546691895
people,40,0.9931447505950928
people,50,0.9944050312042236
planets,40,0.9747297763824463
people,80,1.043687105178833
planets,33,0.982161283493042
planets,44,0.9726614952087402
planets,52,0.987086296081543
planets,26,0.9884805679321289
planets,41,1.007279872894287
people,53,1.0007367134094238
people,74,0.9718940258026123
people,72,0.9739964008331299
people,32,1.0034713745117188
planets,4,0.9799461364746094
people,69,1.0249841213226318
planets,30,0.9686985015869141
people,39,0.9746530055999756
planets,58,0.9946949481964111
people,16,0.9842393398284912
planets,17,0.9610743522644043
people,30,0.9937453269958496
planets,4,0.99774169921875
planets,57,0.9904298782348633
people,79,1.0308313369750977
people,18,0.976625919342041
people,65,1.0007855892181396
people,80,1.0341050624847412
people,18,0.9932372570037842
planets,60,1.581451416015625
people,29,1.0248796939849854
people,4,0.9683620929718018
people,50,0.9742319583892822
species,2,1.0274412631988525
people,54,1.543194055557251
planets,22,0.9740462303161621
people,7,0.9722979068756104
people,69,1.543313980102539
people,60,0.9902830123901367
people,29,0.9780886173248291
planets,29,0.9592242240905762
planets,54,0.971022367477417
people,70,0.9996323585510254
people,46,1.0394012928009033
people,30,0.9547100067138672
planets,51,0.9906573295593262
planets,40,1.0075767040252686
people,8,0.9941985607147217
people,18,1.0048749446868896
planets,13,0.9617786407470703
people,38,1.0846848487854004
people,26,0.9851253032684326
planets,32,0.9740264415740967
people,65,1.7161664962768555
planets,26,0.9816708564758301
people,20,1.0404510498046875
people,47,0.9863553047180176
people,21,1.0530509948730469
people,71,1.022339105606079
people,48,0.9605536460876465
planets,39,1.0007202625274658
planets,7,0.9766268730163574
planets,15,1.0130107402801514
people,43,0.9665067195892334
planets,24,0.975090503692627
people,43,0.9873456954956055
people,34,0.961555004119873
planets,8,1.1900999546051025
people,11,0.9758133888244629
people,48,0.9820165634155273
planets,52,1.050708532333374
people,78,0.9943456649780273
people,66,1.0505080223083496
people,30,1.0113086700439453
people,49,1.4839940071105957
people,59,0.9814255237579346
people,43,0.9996728897094727
planets,46,1.0794832706451416
people,81,0.9885478019714355
planets,57,0.9940826892852783
people,10,1.0126054286956787
planets,7,1.0394339561462402
people,41,0.9767413139343262
planets,60,0.9861030578613281
planets,23,1.0026016235351562
planets,48,0.9963986873626709
people,40,1.0257325172424316
people,69,1.006469488143921
planets,41,0.9672524929046631
planets,34,1.00083589553833
planets,42,0.9951307773590088
planets,45,1.0569887161254883
people,20,0.9767246246337891
people,76,0.9842379093170166
people,24,1.0144245624542236
people,15,0.9875807762145996
people,6,1.001453161239624
people,14,0.9847149848937988
people,79,0.9948687553405762
planets,44,0.9909968376159668
people,26,1.0153207778930664
people,72,1.0343444347381592
planets,6,0.9727466106414795
people,5,0.9871265888214111
people,38,0.9907867908477783
people,69,1.0118107795715332
planets,48,1.0222382545471191
planets,8,0.9843673706054688
species,2,0.9706459045410156
planets,54,0.993109941482544
planets,39,1.0027461051940918
people,40,1.0375964641571045
planets,5,1.0364751815795898
people,35,0.9975309371948242
planets,32,0.9760489463806152
people,58,1.0203642845153809
people,3,1.0089902877807617
people,18,0.9722013473510742
planets,51,0.971942663192749
people,30,0.9950134754180908
planets,41,0.9733321666717529
people,44,1.0096673965454102
people,78,1.0259416103363037
people,51,0.9811270236968994
planets,17,0.9818799495697021
people,20,0.996842622756958
people,83,1.6238822937011719
people,76,1.0372369289398193
planets,53,1.0147223472595215
people,72,1.0139012336730957
people,48,0.991661548614502
people,60,1.015599012374878
people,35,1.0578951835632324
planets,41,0.9608132839202881
planets,50,0.9877550601959229
planets,55,0.978323221206665
people,34,1.0065679550170898
species,4,1.0311095714569092
planets,5,0.9698660373687744
people,3,0.9826126098632812
species,1,1.0064382553100586
planets,13,0.9560286998748779
people,39,1.0209119319915771
planets,24,0.9488723278045654
people,22,1.001373052597046
planets,1,0.9839529991149902
people,58,0.9729959964752197
people,70,1.0384907722473145
planets,36,0.9849381446838379
people,6,0.9782078266143799
people,57,0.9791224002838135
species,1,1.0179908275604248
people,2,1.044849157333374
planets,36,0.9592630863189697
people,47,0.9552547931671143
planets,13,0.9779126644134521
people,70,0.985358715057373
planets,46,1.0316622257232666
planets,20,0.968597412109375
planets,43,0.9805765151977539
people,73,1.0274453163146973
people,54,0.9858784675598145
people,51,1.0693087577819824
people,10,1.0302815437316895
people,68,0.9549336433410645
planets,10,0.9604625701904297
planets,57,0.9607686996459961
people,28,1.0654253959655762
people,42,0.9966599941253662
people,7,0.979175329208374
people,55,0.9721753597259521
people,80,1.0175340175628662
planets,43,1.0436246395111084
people,43,0.9983325004577637
planets,5,0.9918673038482666
planets,57,0.9969124794006348
people,81,0.9704976081848145
planets,33,1.046828031539917
people,33,0.9706580638885498
planets,55,0.9748680591583252
people,38,0.9493420124053955
planets,53,0.9925892353057861
planets,32,1.0788483619689941
planets,39,1.0035712718963623
people,28,1.0069139003753662
planets,8,1.0061817169189453
people,29,0.9969406127929688
planets,38,1.0309832096099854
planets,54,0.9559550285339355
planets,16,0.9938116073608398
people,55,1.0039725303649902
people,13,0.9766006469726562
planets,51,1.0141754150390625
people,30,0.980072021484375
planets,39,1.0363097190856934
planets,28,0.9835052490234375
people,51,0.9833512306213379
people,43,1.0284364223480225
planets,40,0.9833462238311768
people,16,1.015263319015503
people,31,0.9767704010009766
people,36,1.5510759353637695
planets,19,1.0385456085205078
people,39,0.959716796875
species,2,0.9857523441314697
people,58,1.019171953201294
people,63,1.0085258483886719
people,82,1.0360078811645508
planets,2,0.9869730472564697
planets,59,0.9752833843231201
planets,21,1.0025136470794678
people,29,0.9784398078918457
planets,36,1.0167040824890137
planets,35,0.9731574058532715
people,76,0.984736442565918
people,33,0.9957897663116455
planets,40,0.9615633487701416
people,53,1.0291380882263184
planets,3,0.9678449630737305
species,3,0.9855074882507324
people,78,0.9688491821289062
planets,16,0.9892401695251465
people,52,1.00783109664917
planets,47,1.0401184558868408
people,2,1.0033369064331055
planets,25,0.9994833469390869
planets,55,0.9653582572937012
people,7,0.9654209613800049
people,65,1.0840253829956055
planets,53,0.9831650257110596
people,12,0.9922280311584473
people,16,1.0175423622131348
people,60,1.0212492942810059
people,77,0.9740591049194336
planets,5,0.9790031909942627
planets,13,1.0025830268859863
people,26,1.0106680393218994
people,49,1.0082769393920898
people,79,0.992483377456665
people,60,1.0001094341278076
planets,35,0.9950404167175293
planets,47,0.9614720344543457
people,81,0.9876840114593506
planets,13,1.0123090744018555
people,68,0.9536135196685791
planets,18,0.9780673980712891
planets,1,0.965423583984375
people,77,0.9594693183898926
planets,8,1.0350911617279053
people,40,0.9752278327941895
people,60,0.9651949405670166
planets,58,0.994269847869873
planets,9,0.9802525043487549
planets,58,1.0256555080413818
people,3,0.978179931640625
planets,32,0.9713351726531982
planets,42,1.0574007034301758
people,46,0.985642671585083
planets,29,1.0219480991363525
planets,57,0.9716520309448242
people,1,0.9531559944152832
people,21,0.989638090133667
planets,46,0.9869718551635742
people,82,1.106536865234375
planets,13,0.9786477088928223
planets,37,0.9728193283081055
planets,25,1.0154445171356201
planets,55,0.9660942554473877
planets,23,1.0407207012176514
planets,40,0.9890334606170654
people,36,0.9977781772613525
planets,50,0.9535791873931885
people,73,0.9720232486724854
planets,60,1.0358009338378906
planets,18,0.995532751083374
people,51,0.9594714641571045
people,39,0.9873952865600586
people,8,0.9831235408782959
people,81,1.0428075790405273
people,8,1.024876594543457
planets,32,0.9932162761688232
people,6,1.000641107559204
planets,45,0.9769761562347412
planets,30,1.0116589069366455
people,38,0.982107400894165
species,2,0.9606280326843262
people,2,1.0426890850067139
species,4,1.0331697463989258
planets,40,1.0086779594421387
people,78,0.9664411544799805
people,77,0.9678480625152588
people,14,0.9841976165771484
people,24,0.9607677459716797
planets,10,1.008979320526123
people,32,0.974938154220581
species,4,0.9823036193847656
species,4,0.982342004776001
people,21,0.9844653606414795
planets,33,1.0027258396148682
planets,46,0.9593367576599121
planets,57,0.9755940437316895
planets,3,0.9895362854003906
people,25,0.9603240489959717
planets,23,1.0177295207977295
people,54,0.9481887817382812
people,44,0.990337610244751
planets,18,1.0673279762268066
people,22,0.9674103260040283
planets,44,1.0862705707550049
people,54,0.9845948219299316
planets,7,1.0138397216796875
people,57,1.2081913948059082
people,22,0.9736924171447754
people,6,1.00954008102417
planets,5,0.9706892967224121
people,4,0.9947004318237305
people,49,0.9566080570220947
planets,53,0.9714174270629883
planets,15,1.024503231048584
planets,28,1.022759199142456
people,64,1.0349280834197998
people,60,1.0617880821228027
planets,29,0.9782829284667969
people,73,1.0309627056121826
planets,22,0.9701945781707764
species,4,1.0063502788543701
people,78,1.0044562816619873
people,9,0.9789834022521973
planets,17,1.0190186500549316
planets,8,0.9795389175415039
people,66,0.9772617816925049
planets,42,0.9661345481872559
people,30,1.0150039196014404
people,77,1.0438716411590576
planets,28,0.9750885963439941
people,3,1.0030689239501953
planets,60,0.9659175872802734
planets,36,0.9693863391876221
species,3,1.04701566696167
people,6,1.0407381057739258
people,27,0.9602365493774414
planets,55,0.981809139251709
planets,35,1.0262291431427002
planets,37,1.1572086811065674
planets,50,1.0439579486846924
planets,51,0.9983029365539551
people,37,1.1014556884765625
species,1,1.108557939529419
people,15,1.1351680755615234
planets,21,0.9620375633239746
planets,59,0.9977259635925293
planets,7,0.974261999130249
planets,13,1.1063804626464844
people,3,0.9825294017791748
people,15,1.0063316822052002
planets,50,0.9822885990142822
planets,9,0.9643149375915527
planets,20,1.0475306510925293
planets,13,0.9761075973510742
planets,31,0.9928836822509766
people,10,0.9901292324066162
people,74,0.9789981842041016
planets,39,1.012387990951538
planets,3,0.9805996417999268
planets,46,0.9810440540313721
people,39,1.0121381282806396
planets,55,0.9722378253936768
planets,23,1.0562548637390137
planets,51,0.9638307094573975
people,76,0.9839224815368652
people,40,1.0125596523284912
people,20,0.9590449333190918
planets,12,1.053398609161377
planets,5,0.9659650325775146
people,29,0.9694592952728271
people,23,0.9747562408447266
planets,29,1.0331757068634033
people,21,1.043215036392212
people,6,0.9734461307525635
planets,2,0.9831395149230957
planets,14,0.992525577545166
people,79,0.9806649684906006
planets,1,1.0319902896881104
people,34,0.9682610034942627
people,1,0.9504692554473877
planets,18,1.5284960269927979
people,58,0.9879734516143799
planets,59,1.030975341796875
people,12,0.9951043128967285
people,21,0.9766638278961182
planets,59,0.9938411712646484
people,37,0.9924774169921875
species,2,1.0360689163208008
people,76,1.0030241012573242
people,24,0.9900219440460205
planets,6,1.0072119235992432
people,13,1.0119976997375488
people,14,1.0517113208770752
people,82,1.0180182456970215
people,72,1.0168399810791016
planets,26,0.9921567440032959
people,44,0.9843485355377197
planets,22,1.038069486618042
planets,2,0.9864997863769531
planets,34,0.9728970527648926
planets,50,2.022291421890259
planets,59,1.0509755611419678
people,35,1.0053582191467285
people,46,1.0546934604644775
people,77,0.9770123958587646
planets,49,1.0614268779754639
planets,54,1.0764563083648682
planets,13,0.9792792797088623
people,81,0.9758517742156982
people,43,0.9605402946472168
planets,26,1.0170984268188477
planets,48,1.072387456893921
people,83,1.0002219676971436
planets,49,1.0403239727020264
planets,42,0.9919784069061279
people,54,1.6063027381896973
planets,41,0.9720797538757324
people,57,0.9791295528411865
people,14,1.012892723083496
people,73,0.9597787857055664
people,41,1.0256528854370117
people,22,0.958975076675415
people,40,0.9873316287994385
planets,15,1.5591676235198975
planets,40,1.0649771690368652
planets,14,0.973588228225708
people,44,1.0566685199737549
people,78,1.005707025527954
planets,40,1.6339638233184814
people,35,1.0439083576202393
people,37,1.0123310089111328
people,66,1.003868818283081
planets,39,0.963953971862793
planets,13,0.9932887554168701
planets,38,1.0509603023529053
planets,15,0.9926471710205078
planets,22,0.9892873764038086
people,18,1.0520751476287842
planets,48,0.9822757244110107
planets,35,1.0741262435913086
people,45,1.0022304058074951
planets,37,0.9931361675262451
people,8,0.9917862415313721
people,10,1.0649316310882568
people,38,1.0149235725402832
people,21,1.0293543338775635
people,21,1.0396485328674316
people,49,1.0021061897277832
planets,12,1.075493335723877
planets,18,1.0107197761535645
people,15,0.9688403606414795
planets,19,0.974982738494873
people,54,0.9978854656219482
people,55,1.0500218868255615
planets,53,0.9826931953430176
people,75,1.035409927368164
planets,11,0.9869279861450195
planets,10,0.9849638938903809
planets,46,1.1146857738494873
planets,27,0.9893777370452881
planets,28,0.9987607002258301
planets,10,0.9730000495910645
people,74,0.9693825244903564
people,63,1.0131492614746094
planets,30,0.9881939888000488
people,42,0.9697573184967041
people,19,0.9698755741119385
planets,30,0.9750149250030518
people,38,1.0728271007537842
planets,5,0.9603428840637207
planets,16,0.9742357730865479
planets,25,0.9763445854187012
planets,19,0.977428674697876
people,55,1.0073661804199219
people,40,0.994866132736206
people,47,0.9998195171356201
planets,23,1.0364983081817627
people,74,0.98219895362854
people,14,1.0810799598693848
people,6,0.981407880783081
people,49,1.0008585453033447
people,51,1.0108580589294434
people,64,0.983950138092041
people,18,1.0033760070800781
planets,33,0.9619767665863037
people,33,0.9918026924133301
planets,32,1.1179165840148926
planets,15,1.0042901039123535
planets,42,1.0109610557556152
planets,39,0.9885897636413574
planets,10,0.9603478908538818
people,6,1.5201308727264404
people,64,0.9766252040863037
planets,43,1.0414187908172607
people,70,0.9733870029449463
people,62,0.9987120628356934
people,45,1.0008015632629395
people,63,0.9535300731658936
planets,23,1.0120470523834229
planets,38,1.0062592029571533
planets,58,0.9910435676574707
planets,3,0.9801673889160156
people,7,0.9810538291931152
planets,54,1.039135217666626
planets,6,0.9811108112335205
people,82,0.9983935356140137
people,27,0.9945690631866455
planets,30,1.0018436908721924
people,40,1.0733301639556885
planets,59,0.9842798709869385
people,47,1.0033085346221924
planets,22,0.9850962162017822
planets,46,0.9786272048950195
species,3,1.0001728534698486
people,38,0.9827635288238525
planets,46,0.9730658531188965
people,51,0.9990828037261963
planets,37,0.9997174739837646
people,47,1.0380663871765137
planets,17,0.9683902263641357
planets,58,0.9668474197387695
planets,4,1.0031797885894775
species,1,1.0269367694854736
planets,15,1.0292494297027588
planets,53,0.9794073104858398
people,38,1.439751386642456
planets,7,0.9539124965667725
people,30,1.0501821041107178
people,63,0.9653232097625732
planets,9,1.4808533191680908
people,53,1.000199794769287
planets,22,0.9907267093658447
people,22,1.0226795673370361
planets,55,0.9720590114593506
planets,21,1.0002946853637695
planets,23,0.9802885055541992
people,58,0.9802780151367188
planets,32,1.0162665843963623
people,24,1.5709667205810547
people,10,1.5797841548919678
planets,39,0.9729588031768799
species,4,1.0364866256713867
planets,46,1.0058424472808838
people,60,0.9458732604980469
planets,52,1.005066156387329
people,36,0.992466926574707
people,77,1.0303165912628174
planets,33,0.9787857532501221
planets,48,0.9873270988464355
people,7,1.0019302368164062
people,33,1.001094102859497
people,54,1.0736138820648193
people,15,1.0084426403045654
planets,28,0.9861485958099365
planets,4,0.9789371490478516
planets,2,0.9894769191741943
planets,41,0.9943993091583252
planets,60,0.962634801864624
people,66,1.0101559162139893
people,62,1.0129053592681885
planets,60,0.9838294982910156
people,5,1.0605430603027344
planets,30,0.995180606842041
people,9,0.9687325954437256
people,55,1.0247039794921875
planets,42,1.0432794094085693
people,82,1.0561106204986572
people,68,0.9606924057006836
people,64,0.9794366359710693
planets,57,1.0320396423339844
people,38,0.9920222759246826
people,13,1.025989294052124
people,66,0.9926884174346924
people,6,0.9928672313690186
people,6,0.9958939552307129
planets,50,0.9738469123840332
planets,47,0.9980204105377197
people,80,0.9715714454650879
planets,8,0.9620673656463623
planets,51,1.0302212238311768
people,70,0.9881913661956787
planets,54,1.033447504043579
people,45,0.9704723358154297
planets,10,0.9727296829223633
people,1,0.9877011775970459
people,9,1.024522304534912
people,75,1.0300166606903076
people,64,1.0137012004852295
people,28,1.0273771286010742
planets,29,0.9855427742004395
people,69,0.9962282180786133
people,63,1.0107545852661133
planets,34,0.9702949523925781
people,32,0.9744369983673096
people,26,0.9657115936279297
people,5,0.9880387783050537
people,25,1.0393800735473633
species,2,0.9723803997039795
planets,56,1.0054669380187988
planets,14,1.0368423461914062
people,10,0.9743742942810059
people,2,1.0274980068206787
people,35,0.9688513278961182
planets,2,0.9497992992401123
people,15,1.0081231594085693
planets,50,0.9520723819732666
planets,14,1.0213406085968018
people,26,1.0061886310577393
people,40,0.9631609916687012
planets,46,0.9861001968383789
people,40,0.9553022384643555
people,77,1.0362322330474854
planets,12,1.0106298923492432
planets,25,0.9765276908874512
planets,60,1.0038437843322754
people,3,0.9962234497070312
people,13,1.0708212852478027
people,22,0.9718332290649414
people,58,1.0003888607025146
people,80,0.9545505046844482
people,38,0.9762544631958008
people,23,1.0678880214691162
planets,42,0.9703476428985596
people,27,0.9930694103240967
planets,49,0.9922022819519043
people,15,0.9670982360839844
people,3,1.0166220664978027
people,14,0.9918766021728516
planets,8,0.990713357925415
people,73,0.9681010246276855
planets,25,0.9831602573394775
people,71,1.0205869674682617
people,44,0.9966089725494385
planets,43,0.9643716812133789
people,19,0.989290714263916
people,14,0.9797763824462891
planets,15,1.0357227325439453
species,1,1.207489013671875
planets,55,0.9632534980773926
people,31,0.9573888778686523
planets,60,0.9660906791687012
people,54,1.0428509712219238
planets,47,0.9619395732879639
planets,43,0.9596760272979736
people,36,1.051060438156128
people,66,0.988116979598999
people,73,1.0520193576812744
people,28,1.0128693580627441
people,80,0.9844887256622314
people,34,0.978703498840332
people,32,0.9703857898712158
people,41,0.9919862747192383
planets,48,0.9563188552856445
people,29,0.984412431716919
people,2,1.0038719177246094
planets,29,0.9841454029083252
people,31,1.059959888458252
people,38,0.9802827835083008
planets,26,1.0006968975067139
planets,39,0.9758913516998291
planets,50,0.9922778606414795
people,51,1.0724096298217773
people,12,0.9995453357696533
people,72,0.991549015045166
people,57,0.996790885925293
people,22,0.9721369743347168
people,20,1.0204386711120605
people,28,0.9942858219146729
planets,33,0.97011399269104
people,50,0.9897918701171875
planets,55,0.9928481578826904
planets,16,1.0495564937591553
people,28,1.0307049751281738
people,44,1.0153748989105225
people,59,0.9795389175415039
people,13,0.962418794631958
people,16,1.0356175899505615
people,53,0.9811689853668213
planets,43,0.9713499546051025
people,4,0.959726095199585
people,15,1.1144933700561523
planets,6,1.6383671760559082
planets,15,1.9724946022033691
planets,22,1.0677659511566162
people,3,1.0394749641418457
planets,10,0.9965870380401611
people,55,0.9800906181335449
planets,7,1.0430619716644287
planets,12,0.997978687286377
people,19,1.0289418697357178
people,79,0.9740006923675537
planets,18,0.9830834865570068
people,52,0.9542615413665771
planets,3,1.013847827911377
people,9,1.082535743713379
people,43,0.9800357818603516
planets,3,0.994642972946167
planets,57,1.586653232574463
planets,52,1.0338525772094727
planets,30,1.0481185913085938
people,62,0.9792861938476562
planets,5,0.9915475845336914
people,68,0.9692282676696777
planets,52,1.077143907546997
people,76,0.9647493362426758
people,43,0.9809513092041016
people,31,0.9681615829467773
people,66,0.9712893962860107
planets,35,1.0053422451019287
people,23,1.0043110847473145
people,15,1.0376386642456055
people,30,1.123098611831665
planets,39,1.0052483081817627
people,6,1.1325178146362305
people,79,1.0184762477874756
planets,59,0.965181827545166
planets,39,1.0728139877319336
people,81,1.0798075199127197
planets,15,1.1211819648742676
planets,15,1.0419971942901611
planets,60,0.9877073764801025
people,72,0.9893021583557129
people,30,1.538719654083252
people,42,1.1989521980285645
planets,39,0.9620096683502197
people,61,1.0015299320220947
people,43,1.0311360359191895
planets,43,1.0031712055206299
planets,59,1.0150668621063232
people,59,1.0002241134643555
planets,12,1.1134591102600098
planets,7,1.0409014225006104
planets,12,0.9847664833068848
people,22,1.0457093715667725
planets,12,1.0668129920959473
people,34,0.9776713848114014
people,5,0.9674453735351562
people,46,0.9625289440155029
planets,22,1.0728425979614258
planets,36,0.963874340057373
people,70,1.625657558441162
planets,13,0.9618597030639648
people,76,1.083970069885254
people,24,0.9529087543487549
people,11,1.0342745780944824
people,69,1.0536627769470215
people,35,1.0727307796478271
people,56,1.6138660907745361
people,51,1.0139405727386475
people,25,1.0398015975952148
planets,58,1.0004372596740723
planets,55,1.02070951461792
people,21,1.0184173583984375
people,49,1.022829532623291
planets,60,1.0170810222625732
planets,14,0.9978170394897461
planets,29,1.027709722518921
people,21,1.4914050102233887
planets,50,1.0233047008514404
planets,21,0.9978406429290771
planets,56,0.9822781085968018
planets,57,1.0331428050994873
people,77,1.0098958015441895
people,39,0.9697918891906738
people,32,1.0230960845947266
people,31,0.9737567901611328
people,59,1.0136454105377197
planets,58,0.9879896640777588
species,1,1.026798963546753
people,18,0.9988117218017578
people,18,1.1779489517211914
people,44,1.0259120464324951
planets,18,1.025914192199707
people,58,1.012253761291504
people,6,0.9868338108062744
planets,33,0.9992990493774414
planets,36,1.125722885131836
people,82,0.9991159439086914
people,26,1.0344209671020508
people,2,0.9834342002868652
planets,31,1.041830062866211
people,31,1.1017608642578125
people,8,0.9992246627807617
people,4,0.9951953887939453
people,60,1.02712082862854
planets,43,1.0761277675628662
people,64,1.0178983211517334
planets,41,1.0101659297943115
people,49,0.9974606037139893
people,26,1.0369858741760254
people,26,1.0313823223114014
people,46,0.9870295524597168
people,54,1.0175199508666992
planets,40,0.9638717174530029
planets,39,0.9907042980194092
people,28,1.0623669624328613
people,47,1.024315595626831
people,25,1.0318517684936523
people,73,1.07783842086792
people,21,1.013415813446045
planets,59,1.0504851341247559
people,38,0.972515344619751
people,60,0.9796197414398193
people,62,0.9817478656768799
planets,40,1.0006837844848633
people,82,0.9947509765625
people,67,0.9862418174743652
planets,21,1.0467395782470703
people,30,1.0259695053100586
people,32,1.0038297176361084
planets,31,1.0545141696929932
planets,46,0.9713003635406494
planets,19,0.9895191192626953
planets,9,1.0100038051605225
planets,47,1.0615906715393066
people,63,1.0515062808990479
people,80,0.9938530921936035
people,30,1.0378267765045166
people,11,0.9681258201599121
people,66,0.9794468879699707
planets,50,1.0627834796905518
planets,5,0.971437931060791
people,80,0.9713869094848633
planets,36,1.0244860649108887
species,1,0.9891471862792969
planets,56,1.020193099975586
people,68,0.9696311950683594
people,52,0.9875912666320801
planets,2,0.9865939617156982
people,73,0.9941368103027344
people,18,1.0216238498687744
people,8,0.9659113883972168
people,6,1.0373740196228027
people,66,0.9712862968444824
planets,1,0.9965651035308838
planets,44,1.029465913772583
species,3,0.99542236328125
planets,29,0.9645919799804688
planets,56,0.9643406867980957
planets,6,0.9989883899688721
people,76,1.0684151649475098
planets,47,0.9951589107513428
planets,24,0.9818325042724609
planets,47,0.9636075496673584
planets,26,0.9708833694458008
people,39,1.0705626010894775
planets,19,0.9862024784088135
planets,17,0.9928860664367676
people,42,0.9718356132507324
planets,30,0.9841022491455078
planets,30,1.004399061203003
planets,46,0.9668169021606445
species,1,1.033632516860962
people,63,1.0634315013885498
people,63,1.0016827583312988
people,42,1.0098788738250732
people,73,0.9861226081848145
planets,35,1.6861639022827148
people,18,1.0214807987213135
people,72,1.0457353591918945
planets,46,0.9997305870056152
people,2,1.5333173274993896
people,11,0.9859368801116943
planets,41,1.0396370887756348
people,1,0.9730887413024902
people,72,1.0463273525238037
planets,13,0.9700446128845215
people,22,1.0147466659545898
people,25,1.0525732040405273
people,81,1.012239933013916
planets,37,1.5936224460601807
planets,32,0.9596891403198242
people,79,0.9806880950927734
planets,34,1.0335564613342285
planets,23,0.9701776504516602
planets,24,1.0124657154083252
people,44,1.1541321277618408
planets,21,1.152684211730957
people,7,1.4726245403289795
planets,21,1.3116912841796875
people,30,1.315354347229004
species,4,1.0640983581542969
species,1,1.0355513095855713
people,44,1.1696600914001465
people,55,1.0578386783599854
planets,52,0.9803640842437744
people,44,0.9872305393218994
planets,4,1.0769517421722412
planets,31,1.0398151874542236
people,23,0.9806795120239258
planets,23,0.9935421943664551
planets,4,1.0080831050872803
people,20,1.0658526420593262
planets,10,1.0140609741210938
people,25,0.9549596309661865
people,45,0.9880809783935547
planets,36,1.001284122467041
people,36,1.1607019901275635
planets,30,1.5914852619171143
planets,48,1.002990961074829
people,26,1.00899338722229
people,51,1.0387358665466309
people,21,0.9868135452270508
people,15,1.028029441833496
planets,54,1.05155348777771
planets,56,0.9700095653533936
people,18,1.0532019138336182
planets,2,1.044156551361084
planets,10,0.97269606590271
people,80,0.9514560699462891
people,24,0.9928162097930908
people,55,1.0510034561157227
people,81,1.07816481590271
planets,43,0.974297285079956
people,7,0.960780143737793
people,78,0.9690663814544678
planets,34,1.0123841762542725
people,8,0.9883904457092285
people,58,1.0052735805511475
planets,10,1.0190658569335938
planets,35,0.9922080039978027
planets,58,1.0100114345550537
people,45,0.9760992527008057
species,4,1.0070216655731201
people,61,0.965034008026123
planets,14,0.9867451190948486
planets,46,1.0143272876739502
people,65,1.0553257465362549
planets,9,1.077439785003662
planets,36,1.0067517757415771
planets,57,0.9777419567108154
people,82,1.0549201965332031
planets,39,0.972158670425415
planets,7,0.9785804748535156
people,39,1.0034079551696777
people,34,0.9786958694458008
planets,36,1.056203842163086
people,44,1.0803179740905762
people,1,1.0882723331451416
planets,58,1.2487447261810303
planets,17,1.5760552883148193
planets,2,1.2122282981872559
people,41,1.0478277206420898
planets,44,1.0585150718688965
people,66,0.9813134670257568
people,5,1.0489251613616943
planets,40,1.0062592029571533
planets,27,0.9772398471832275
people,28,0.9649693965911865
people,57,1.016843557357788
people,40,1.025437355041504
planets,16,0.9678609371185303
people,37,1.0568020343780518
planets,9,0.9744048118591309
people,11,0.9574666023254395
people,20,1.0546174049377441
people,40,0.9617524147033691
people,60,1.0040433406829834
people,21,0.9975380897521973
people,12,0.9638919830322266
people,47,1.1255271434783936
planets,45,1.0231685638427734
people,5,0.9779183864593506
people,14,1.0066184997558594
people,22,1.0449349880218506
people,36,0.9608621597290039
people,74,1.0292716026306152
planets,31,1.0204730033874512
people,56,1.0031216144561768
planets,22,1.060274362564087
planets,58,0.9754831790924072
people,22,0.9888513088226318
people,71,0.969482421875
planets,4,0.9841139316558838
people,15,1.163750410079956
planets,47,1.0814766883850098
people,79,0.9707403182983398
people,76,0.9771192073822021
people,21,1.5279502868652344
people,14,1.0739107131958008
planets,11,1.0122122764587402
planets,28,0.9711062908172607
planets,45,0.975149393081665
species,3,0.9693007469177246
people,75,1.0029277801513672
people,24,0.9683198928833008
planets,3,0.9574334621429443
people,16,0.9838852882385254
people,23,0.9781570434570312
planets,12,1.0190520286560059
planets,13,0.9506769180297852
people,35,0.9672272205352783
planets,50,1.0191352367401123
planets,4,0.9472565650939941
people,76,1.0563342571258545
people,83,1.0255656242370605
planets,23,1.0243282318115234
people,7,0.9989793300628662
planets,16,0.9892771244049072
planets,39,1.068408489227295
people,59,1.0093817710876465
planets,8,0.9908308982849121
planets,38,0.9452552795410156
people,30,1.0204956531524658
people,37,1.0025274753570557
planets,14,1.0965032577514648
planets,45,1.0954487323760986
people,63,0.9965403079986572
planets,54,1.0132732391357422
people,78,1.0380775928497314
planets,15,1.001082181930542
people,65,0.9908981323242188
people,83,1.0516879558563232
people,54,1.7573976516723633
planets,34,0.9761414527893066
planets,44,1.0027344226837158
people,67,0.9977774620056152
planets,43,0.9806888103485107
planets,29,1.0115678310394287
planets,47,0.9634175300598145
planets,36,0.98014235496521
planets,7,1.053920030593872
planets,22,0.9691901206970215
planets,51,1.0513901710510254
planets,19,0.9695513248443604
planets,47,1.011378288269043
planets,30,0.9718644618988037
people,77,1.0395054817199707
planets,31,1.0940618515014648
planets,27,0.9664063453674316
planets,52,0.965869665145874
people,81,1.0201530456542969
people,80,0.9958052635192871
species,2,1.023346185684204
people,58,1.0015816688537598
people,24,0.9882934093475342
planets,15,1.0192375183105469
planets,16,1.1034245491027832
people,39,1.009528398513794
species,1,0.9763765335083008
people,3,0.976701021194458
people,76,0.983971118927002
planets,1,0.9892992973327637
planets,54,1.0342755317687988
people,49,0.9950540065765381
planets,27,1.1524651050567627
planets,59,0.9934189319610596
people,54,1.0956921577453613
people,36,0.9716737270355225
people,69,0.9834163188934326
planets,4,0.9959321022033691
people,55,0.9810333251953125
species,2,1.0447969436645508
planets,39,0.9807300567626953
planets,53,1.024174690246582
planets,49,0.9802289009094238
people,39,0.9748213291168213
planets,33,1.0163917541503906
planets,28,1.0107944011688232
planets,1,1.0514776706695557
people,2,1.5780363082885742
planets,4,0.9720301628112793
people,42,1.0806829929351807
people,67,1.033846139907837
planets,45,1.1304662227630615
people,4,0.9941539764404297
planets,48,1.0170254707336426
people,39,1.2442176342010498
people,41,1.030975103378296
people,57,1.0089879035949707
people,67,0.9899966716766357
planets,56,1.0794341564178467
people,83,1.0083212852478027
people,12,0.9677817821502686
planets,55,0.9848079681396484
planets,2,0.9912912845611572
people,54,1.1827619075775146
planets,47,1.0026319026947021
people,63,1.0943553447723389
planets,55,1.014650583267212
people,81,1.0197505950927734
planets,60,1.1044201850891113
people,29,1.0808403491973877
planets,27,0.986926794052124
planets,23,0.9938955307006836
people,19,0.9837589263916016
planets,51,1.1281006336212158
people,29,0.9953188896179199
people,71,0.999199390411377
planets,22,0.9692327976226807
people,56,1.0125737190246582
people,1,1.081770896911621
planets,20,1.0450079441070557
planets,3,1.0099575519561768
people,74,0.9930257797241211
planets,14,1.0431718826293945
people,29,0.9936544895172119
people,49,0.981844425201416
people,27,1.10475754737854
people,47,0.9807157516479492
people,78,1.0566306114196777
planets,29,0.991102933883667
planets,12,0.9770779609680176
